Epoch,Batch,Loss_D,Loss_G
1,0,1.5298621654510498,1.3295447826385498
1,3,1.1104339361190796,1.742454171180725
2,0,0.9126260876655579,1.9330179691314697
2,3,0.8216849565505981,2.1846096515655518
3,0,0.7252442836761475,2.342346668243408
3,3,0.6478381156921387,2.711735963821411
4,0,0.6167563199996948,2.7622663974761963
4,3,0.4949920177459717,3.358879804611206
5,0,0.4459236264228821,3.3886537551879883
5,3,0.5074855089187622,3.579118013381958
6,0,0.4470735192298889,3.657602071762085
6,3,0.46295374631881714,3.7542591094970703
7,0,0.4463609457015991,3.8128433227539062
7,3,0.4412572681903839,3.7807064056396484
8,0,0.4530322551727295,3.8466882705688477
8,3,0.4229728579521179,4.195946216583252
9,0,0.4164801239967346,4.218868255615234
9,3,0.40247398614883423,4.374301433563232
10,0,0.3931294083595276,4.439089298248291
10,3,0.430968314409256,4.5249247550964355
11,0,0.41967031359672546,4.49989128112793
11,3,0.4296744465827942,4.6657328605651855
12,0,0.4138008952140808,4.699840545654297
12,3,0.4014849364757538,4.60576868057251
13,0,0.39527979493141174,4.647642135620117
13,3,0.3978690207004547,4.71201753616333
14,0,0.39040088653564453,4.751974582672119
14,3,0.3881646692752838,4.650213718414307
15,0,0.38468217849731445,4.8222126960754395
15,3,0.3906777799129486,4.874441623687744
16,0,0.39432111382484436,4.790669918060303
16,3,0.37261953949928284,5.139198303222656
17,0,0.3836517930030823,4.830925464630127
17,3,0.37391167879104614,5.031120777130127
18,0,0.3770238757133484,4.926926612854004
18,3,0.3864806294441223,5.092566967010498
19,0,0.3882467746734619,5.129354000091553
19,3,0.384053498506546,5.257673263549805
20,0,0.3793724775314331,5.384475231170654
20,3,0.3894349932670593,4.817322731018066
21,0,0.3746795058250427,5.4300537109375
21,3,0.36341971158981323,5.090592861175537
22,0,0.39500266313552856,5.272005558013916
22,3,0.37054717540740967,5.253612518310547
23,0,0.3778049349784851,5.283509254455566
23,3,0.373360276222229,5.731001377105713
24,0,0.37969160079956055,5.743192672729492
24,3,0.3662148714065552,5.595916748046875
25,0,0.3705245852470398,5.441684246063232
25,3,0.3744780719280243,5.766789436340332
26,0,0.3584348261356354,5.586085796356201
26,3,0.412101149559021,5.885340690612793
27,0,0.35965102910995483,6.007740497589111
27,3,0.391021192073822,5.054539203643799
28,0,0.39157605171203613,5.737248420715332
28,3,0.4036167860031128,5.234311103820801
29,0,0.42454665899276733,5.813872337341309
29,3,0.40427252650260925,4.898538112640381
30,0,0.439466655254364,6.306097030639648
30,3,0.5251930952072144,4.805383682250977
31,0,0.5045331716537476,5.811425685882568
31,3,0.5713353157043457,7.863097190856934
32,0,0.8717966675758362,2.3655846118927
32,3,0.35537323355674744,6.857985496520996
33,0,0.3673933744430542,5.076344966888428
33,3,0.5448847413063049,4.280458927154541
34,0,0.4748499393463135,5.317808628082275
34,3,0.5022706985473633,4.233279228210449
35,0,0.5083115100860596,5.846054553985596
35,3,0.704639196395874,7.9563517570495605
36,0,0.6842934489250183,4.961379051208496
36,3,0.4558146595954895,4.924851417541504
37,0,0.43736425042152405,3.6590912342071533
37,3,0.5709267854690552,5.53666877746582
38,0,0.38584429025650024,6.222227096557617
38,3,0.47302955389022827,3.731780529022217
39,0,0.47557175159454346,5.601398944854736
39,3,0.4462195634841919,5.515215873718262
40,0,0.4428640604019165,4.2873311042785645
40,3,0.4900255501270294,4.564126968383789
41,0,0.4152822494506836,4.71769380569458
41,3,0.4667661190032959,5.494717121124268
42,0,0.4204716980457306,4.243082046508789
42,3,0.4172874093055725,3.5103037357330322
43,0,0.5273630619049072,6.552053928375244
43,3,0.4437810778617859,6.048880577087402
44,0,0.4382527470588684,4.2043657302856445
44,3,0.39053434133529663,4.9006500244140625
45,0,0.41483914852142334,4.98755407333374
45,3,0.4662889242172241,4.19602108001709
46,0,0.46796032786369324,6.2676239013671875
46,3,0.7875178456306458,4.512099266052246
47,0,0.6529772281646729,6.039434432983398
47,3,0.8913395404815674,9.994355201721191
48,0,1.0921767950057983,5.419713973999023
48,3,0.4779229462146759,5.899172782897949
49,0,0.3904843032360077,3.9263107776641846
49,3,0.45229825377464294,4.123943328857422
50,0,0.4388187825679779,5.131712436676025
50,3,0.4250013530254364,4.186383247375488
51,0,0.4178607165813446,4.484645366668701
51,3,0.4727210998535156,5.8635945320129395
52,0,0.5580093860626221,2.1087591648101807
52,3,0.623383104801178,3.6537399291992188
53,0,0.7533320188522339,7.679082870483398
53,3,0.434603214263916,5.773965835571289
54,0,0.4803559482097626,3.9539456367492676
54,3,0.5657013654708862,4.47202205657959
55,0,0.532964289188385,3.628471612930298
55,3,0.43244731426239014,4.019948482513428
56,0,0.5264803171157837,4.614019393920898
56,3,0.6244526505470276,2.8109374046325684
57,0,0.6166285276412964,5.883322238922119
57,3,0.4728965163230896,4.972878456115723
58,0,0.45941516757011414,3.987914562225342
58,3,0.6610397100448608,7.2616868019104
59,0,0.6310701370239258,4.599879264831543
59,3,0.5275495648384094,3.9841160774230957
60,0,0.6095925569534302,6.379563331604004
60,3,0.5323965549468994,4.365306854248047
61,0,0.48116064071655273,5.177094459533691
61,3,0.4900747537612915,5.376648426055908
62,0,0.5444416999816895,3.261471748352051
62,3,0.3947954773902893,4.371890544891357
63,0,0.4897465109825134,5.7689528465271
63,3,0.5209389925003052,4.966609477996826
64,0,0.5590323209762573,4.101781845092773
64,3,0.7267919182777405,6.959028720855713
65,0,0.38321492075920105,6.915068626403809
65,3,0.4945329427719116,4.42155647277832
66,0,0.5274258852005005,4.788108825683594
66,3,0.5672935247421265,5.746480464935303
67,0,0.6314482688903809,3.495596170425415
67,3,0.41329506039619446,4.036752223968506
68,0,0.5009787082672119,5.3537278175354
68,3,0.5977791547775269,3.387769937515259
69,0,0.733315646648407,7.730749130249023
69,3,0.45033177733421326,5.3024115562438965
70,0,0.4489140510559082,4.544666767120361
70,3,0.807571291923523,9.445789337158203
71,0,1.0225802659988403,5.294763565063477
71,3,0.3691985309123993,7.0346856117248535
72,0,0.431887686252594,4.952882766723633
72,3,0.6352108120918274,3.363398551940918
73,0,0.6179920434951782,6.283688545227051
73,3,0.5206588506698608,5.524752616882324
74,0,0.6268887519836426,2.564128875732422
74,3,0.5474225878715515,3.3706283569335938
75,0,0.8034286499023438,7.257833957672119
75,3,1.0182867050170898,7.251316070556641
76,0,0.7280938029289246,6.413845062255859
76,3,0.4438055753707886,4.856792449951172
77,0,0.4151412844657898,4.683521270751953
77,3,0.5612106919288635,3.4952921867370605
78,0,0.5639830827713013,5.193561553955078
78,3,0.6092941164970398,4.667181015014648
79,0,0.5365917086601257,4.694094181060791
79,3,0.5099965333938599,5.2737603187561035
80,0,0.5151991248130798,3.9643807411193848
80,3,0.703178882598877,6.575480937957764
81,0,0.5644354224205017,4.636743545532227
81,3,0.5951709747314453,3.1157195568084717
82,0,0.8058220148086548,8.218513488769531
82,3,0.42006656527519226,5.6794939041137695
83,0,0.43314090371131897,4.643075942993164
83,3,0.6984854936599731,2.5992488861083984
84,0,0.8754021525382996,8.669511795043945
84,3,0.569804310798645,5.379335880279541
85,0,0.41421037912368774,5.334313869476318
85,3,0.773654043674469,3.4080541133880615
86,0,0.6437040567398071,5.4166059494018555
86,3,0.6788924336433411,6.28204345703125
87,0,0.8037000894546509,3.4677324295043945
87,3,0.45357006788253784,3.9682774543762207
88,0,0.48303931951522827,3.899563789367676
88,3,0.605161726474762,3.778848648071289
89,0,0.5848292112350464,5.091862201690674
89,3,0.9804017543792725,6.6956963539123535
90,0,0.6056779026985168,5.50862979888916
90,3,0.45562270283699036,4.693383693695068
91,0,0.49121835827827454,3.473666191101074
91,3,0.5234812498092651,5.3160719871521
92,0,0.4740625023841858,4.394049167633057
92,3,0.4915669560432434,4.63119649887085
93,0,0.4097328186035156,4.281671524047852
93,3,0.3996121287345886,5.354414463043213
94,0,0.5476178526878357,2.9625184535980225
94,3,0.64104163646698,2.651193618774414
95,0,1.000864863395691,8.263317108154297
95,3,0.6324470043182373,5.367000102996826
96,0,0.48557162284851074,4.893547058105469
96,3,0.5886829495429993,3.6927225589752197
97,0,0.5556380748748779,4.639212608337402
97,3,0.5106891393661499,4.102067470550537
98,0,0.45342665910720825,4.47519063949585
98,3,0.4892256259918213,4.048101425170898
99,0,0.5940966606140137,3.8237924575805664
99,3,0.6415606737136841,5.73197603225708
100,0,0.5019680261611938,4.558528900146484
100,3,1.0988926887512207,2.4633731842041016
101,0,1.2290935516357422,9.144254684448242
101,3,0.5269778370857239,4.143647193908691
102,0,0.5896475315093994,5.833869934082031
102,3,0.7439196705818176,5.676596164703369
103,0,0.6738483309745789,3.8129985332489014
103,3,0.5187139511108398,3.7324001789093018
104,0,0.6150513887405396,5.032528877258301
104,3,0.48929858207702637,4.434919834136963
105,0,0.47249871492385864,3.809314727783203
105,3,0.5497591495513916,4.184804916381836
106,0,0.45966070890426636,5.043581962585449
106,3,0.46175944805145264,4.2349443435668945
107,0,0.5397158861160278,4.008680820465088
107,3,0.5737762451171875,4.397823333740234
108,0,0.47971442341804504,4.571523666381836
108,3,0.7361778020858765,4.359123706817627
109,0,0.4999545216560364,4.230760097503662
109,3,0.8197336792945862,6.883091926574707
110,0,1.1229530572891235,2.6537888050079346
110,3,0.4168684482574463,3.9682540893554688
111,0,0.5862306356430054,4.987514019012451
111,3,0.5169798731803894,4.5312180519104
112,0,0.8032335638999939,2.5714826583862305
112,3,0.41283395886421204,3.813018798828125
113,0,0.499639093875885,4.444038391113281
113,3,0.47327399253845215,4.280449390411377
114,0,0.5934553146362305,3.1237008571624756
114,3,0.41118916869163513,4.164381504058838
115,0,0.4447888135910034,3.701373815536499
115,3,0.527471661567688,3.076181411743164
116,0,0.604234516620636,5.075098037719727
116,3,0.6144015789031982,4.118344306945801
117,0,0.4946392774581909,5.099783420562744
117,3,0.5644173622131348,5.07232666015625
118,0,0.5314539670944214,3.897571563720703
118,3,0.711999773979187,6.350825309753418
119,0,0.6462452411651611,4.051629066467285
119,3,0.5679176449775696,4.035102844238281
120,0,0.5342927575111389,5.041502952575684
120,3,0.5128032565116882,4.19656229019165
121,0,0.5149068832397461,4.225989818572998
121,3,0.5852425694465637,3.8213253021240234
122,0,0.5610008835792542,4.8923468589782715
122,3,0.6880095601081848,4.798253536224365
123,0,0.4312898814678192,3.9131076335906982
123,3,0.520307719707489,4.199413299560547
124,0,0.48244181275367737,4.210484981536865
124,3,0.4439863860607147,4.428623676300049
125,0,0.5187653303146362,2.9510233402252197
125,3,0.4356921315193176,3.617175340652466
126,0,0.4817975163459778,4.640448093414307
126,3,0.4795181155204773,4.269773483276367
127,0,0.4556814432144165,4.14799165725708
127,3,0.41995587944984436,4.065303325653076
128,0,0.43844810128211975,4.450257778167725
128,3,0.4469362795352936,4.167581081390381
129,0,0.4839644134044647,3.9364285469055176
129,3,0.5292670726776123,3.233163833618164
130,0,0.5832156538963318,5.458065986633301
130,3,0.4201074540615082,5.187849521636963
131,0,0.4938563406467438,3.927121877670288
131,3,0.5346959829330444,4.784633636474609
132,0,0.5615122318267822,4.134359359741211
132,3,0.552018404006958,5.635371685028076
133,0,0.47487133741378784,4.593644142150879
133,3,0.5613920092582703,3.0708184242248535
134,0,0.696260392665863,7.133298397064209
134,3,0.4723510146141052,5.250990390777588
135,0,0.49280738830566406,4.30709981918335
135,3,0.4967399835586548,4.380024433135986
136,0,0.5065479874610901,3.5933375358581543
136,3,0.5253109931945801,3.6120123863220215
137,0,0.6183351278305054,5.863313674926758
137,3,0.6583407521247864,4.0359978675842285
138,0,0.541761040687561,4.7052226066589355
138,3,0.4983201026916504,4.576790809631348
139,0,0.49040520191192627,4.523455619812012
139,3,0.5658352971076965,3.4843409061431885
140,0,0.6660001277923584,5.004907608032227
140,3,0.5703712701797485,5.074532985687256
141,0,0.968397319316864,1.3206608295440674
141,3,1.0541315078735352,3.804731607437134
142,0,0.7931646108627319,3.443254232406616
142,3,0.7025101780891418,2.6554975509643555
143,0,0.8910670876502991,5.225970268249512
143,3,0.7838886976242065,4.364861965179443
144,0,0.6055251359939575,3.7193562984466553
144,3,0.7025615572929382,2.871303081512451
145,0,0.5780311226844788,4.048376083374023
145,3,0.5457850694656372,3.023829221725464
146,0,0.5429477095603943,4.083865165710449
146,3,0.5274676084518433,3.4285945892333984
147,0,0.482693076133728,3.7825779914855957
147,3,0.516402006149292,3.5316314697265625
148,0,0.5113173127174377,3.8685128688812256
148,3,0.5850121974945068,4.319296360015869
149,0,0.4425011873245239,4.522525310516357
149,3,0.46125560998916626,4.845341205596924
150,0,0.6048239469528198,3.043607473373413
150,3,0.42851367592811584,4.725711822509766
151,0,0.4027840495109558,3.7873177528381348
151,3,0.5409246683120728,5.218871593475342
152,0,0.48902976512908936,4.166789531707764
152,3,0.5652358531951904,3.4544224739074707
153,0,0.5968143343925476,4.030656337738037
153,3,0.49007952213287354,3.759192705154419
154,0,0.4969356060028076,4.070242404937744
154,3,0.5596410632133484,3.996328592300415
155,0,0.5944844484329224,3.0407519340515137
155,3,0.5261508226394653,4.201211452484131
156,0,0.44716325402259827,4.422109603881836
156,3,0.48511984944343567,4.086001396179199
157,0,0.5015402436256409,3.5098538398742676
157,3,0.6631506681442261,2.300516128540039
158,0,0.7625985145568848,6.352928161621094
158,3,0.37865516543388367,4.6536736488342285
159,0,0.4442877173423767,3.5115344524383545
159,3,0.5514285564422607,3.8092949390411377
160,0,0.5655925273895264,4.0451860427856445
160,3,0.5432234406471252,4.545759677886963
161,0,0.4772239327430725,4.883552551269531
161,3,1.2216525077819824,3.1773009300231934
162,0,0.746340274810791,5.583124160766602
162,3,0.5133160352706909,4.070722579956055
163,0,0.546944797039032,4.485316276550293
163,3,0.5348884463310242,3.9963889122009277
164,0,0.4386458098888397,3.861349105834961
164,3,0.5351725816726685,3.187617540359497
165,0,0.599492609500885,4.769894599914551
165,3,0.492085337638855,4.064457416534424
166,0,0.4514884948730469,4.4130048751831055
166,3,0.4634672701358795,4.0330681800842285
167,0,0.49534177780151367,4.151078224182129
167,3,0.5877966284751892,3.5025289058685303
168,0,0.5444091558456421,4.258136749267578
168,3,0.6274663209915161,3.165837526321411
169,0,0.725663423538208,5.221972465515137
169,3,0.5750994086265564,5.420078277587891
170,0,0.6742342114448547,2.9162721633911133
170,3,0.6327272057533264,2.5880260467529297
171,0,0.7903949618339539,5.553107738494873
171,3,0.6673842668533325,4.412732124328613
172,0,0.7429449558258057,2.6170995235443115
172,3,0.7870762944221497,1.4476195573806763
173,0,1.2550169229507446,7.908286094665527
173,3,0.4804541766643524,3.0952560901641846
174,0,0.6112534403800964,4.553684234619141
174,3,0.6018379330635071,2.638089179992676
175,0,0.6052483320236206,5.022685527801514
175,3,0.47070008516311646,3.9488418102264404
176,0,0.4210945665836334,4.4998369216918945
176,3,0.4635445475578308,3.878957748413086
177,0,0.4130397439002991,3.9351797103881836
177,3,0.4127008020877838,3.666846513748169
178,0,0.4462721049785614,3.3903586864471436
178,3,0.5202488303184509,3.1037652492523193
179,0,0.49695199728012085,4.346290588378906
179,3,0.5129722952842712,3.6529746055603027
180,0,0.44728538393974304,4.130555152893066
180,3,0.5364723801612854,4.092396259307861
181,0,0.496881365776062,3.8225605487823486
181,3,0.645060122013092,2.757812023162842
182,0,0.5852850675582886,4.888499736785889
182,3,0.4839196801185608,2.9673023223876953
183,0,0.5639410018920898,4.838532447814941
183,3,0.5113444924354553,4.931247234344482
184,0,0.4759005308151245,3.996976613998413
184,3,0.4704676866531372,3.7295567989349365
185,0,0.5437757968902588,4.370287895202637
185,3,0.43028056621551514,4.081389427185059
186,0,0.46074554324150085,3.645998477935791
186,3,0.5431463122367859,3.9694406986236572
187,0,0.4637206196784973,4.036676406860352
187,3,0.5069367289543152,4.5713911056518555
188,0,0.38577383756637573,3.9088165760040283
188,3,0.5087160468101501,3.1425395011901855
189,0,0.4797627925872803,4.700709342956543
189,3,0.4235025942325592,5.355640411376953
190,0,0.4109402894973755,4.615688323974609
190,3,0.670430600643158,6.532588005065918
191,0,0.9273351430892944,3.3202834129333496
191,3,0.40116116404533386,5.471217632293701
192,0,0.5002512335777283,3.36214017868042
192,3,0.8929901719093323,3.8103015422821045
193,0,0.5216327905654907,5.386289119720459
193,3,0.4683150351047516,4.580757141113281
194,0,0.4736578166484833,4.106865882873535
194,3,0.6153870224952698,3.493410110473633
195,0,0.5417709350585938,4.084017276763916
195,3,0.5803182721138,3.6535093784332275
196,0,0.4764379560947418,4.794175148010254
196,3,0.674659788608551,3.6542022228240967
197,0,0.6606073379516602,5.294827938079834
197,3,0.6614224314689636,3.4805140495300293
198,0,0.6441743969917297,4.748113632202148
198,3,0.5063260197639465,4.655498504638672
199,0,0.5900979042053223,3.2252659797668457
199,3,0.5464285016059875,3.7645227909088135
200,0,0.49006375670433044,4.288854598999023
200,3,0.5373916625976562,4.345558166503906
